"DateTime","TenantId","JobId","CycleId","ChangeId","Action","Duration (ms)","ServicePrincipalId","ServicePrincipalName","InitiatedById","InitiatedByName","InitiatedByType","StatusInfoStatus","StatusInfoErrorCode","StatusInfoReason","StatusInfoAdditionalDetails","StatusInfoErrorCategory","StatusInfoRecommendedAction","SourceSystemId","SourceSystemName","TargetSystemId","TargetSystemName","SourceIdentityId","SourceIdentityName","SourceIdentityType","TargetIdentityId","TargetIdentityName","TargetIdentityType"
"2026-05-24T23:42:45Z","791eadd1-7519-44e0-8445-751a43c7bfff","aWSSingleSignon.791eadd1751944e08445751a43c7bfff.021b577c-0ec7-4a9b-aeaa-15d4198bd9c6","45ab4211-59c5-47c2-b3cb-4b4d8ac178bd","9cd70d07-4f53-47ad-a45e-ba174ebba23a","Disable","518","75fb2bb3-1ee5-4bc2-bb93-57e9f6ea9665","AWS IAM Identity Center (successor to AWS Single Sign-On)","","Azure AD Provisioning Service","system","success","","","","","","0a0e3b02-1e69-4656-bcec-42b7c4bbe0cf","Microsoft Entra ID","4840332b-2571-4e32-85db-c998c5ae6e57","AWSSingleSignon","c897ae1b-09b0-4a6e-a57f-3d465cd68b96","aide bonavita","User","a1cbc5c0-d061-70a9-74e3-c76b1d484e89","","urn:ietf:params:scim:schemas:extension:enterprise:2.0:User"
"2026-05-24T23:42:45Z","791eadd1-7519-44e0-8445-751a43c7bfff","aWSSingleSignon.791eadd1751944e08445751a43c7bfff.021b577c-0ec7-4a9b-aeaa-15d4198bd9c6","45ab4211-59c5-47c2-b3cb-4b4d8ac178bd","70f14790-496a-4b3c-a455-9540b3741768","Create","103","75fb2bb3-1ee5-4bc2-bb93-57e9f6ea9665","AWS IAM Identity Center (successor to AWS Single Sign-On)","","Azure AD Provisioning Service","system","skipped","","","","","","7128b516-0ae3-4cd3-85dc-99874ef9f6cd","Microsoft Entra ID","b51409d5-3a10-42f0-8add-52b40c2b729c","AWSSingleSignon","ba9748fe-44c5-43c7-a36f-86339a250bf4","All company users dynamic group","Group","","","urn:ietf:params:scim:schemas:core:2.0:Group"
"2026-05-24T23:42:44Z","791eadd1-7519-44e0-8445-751a43c7bfff","aWSSingleSignon.791eadd1751944e08445751a43c7bfff.021b577c-0ec7-4a9b-aeaa-15d4198bd9c6","45ab4211-59c5-47c2-b3cb-4b4d8ac178bd","135acadb-be67-470d-bf93-5cf1ea57f76e","Create","99","75fb2bb3-1ee5-4bc2-bb93-57e9f6ea9665","AWS IAM Identity Center (successor to AWS Single Sign-On)","","Azure AD Provisioning Service","system","skipped","","","","","","af58c9b5-5f71-45be-bdf0-bcbcb0a74ed3","Microsoft Entra ID","561ce05e-9c87-4220-aa89-974f695ae4aa","AWSSingleSignon","a0b481b8-dd6d-4ccd-a5db-68119217296a","ara molino","User","","","urn:ietf:params:scim:schemas:extension:enterprise:2.0:User"
"2026-05-24T23:02:59Z","791eadd1-7519-44e0-8445-751a43c7bfff","aWSSingleSignon.791eadd1751944e08445751a43c7bfff.021b577c-0ec7-4a9b-aeaa-15d4198bd9c6","9c78b69e-a2c3-4408-b691-0816e9d46e00","61b7e823-5e22-461b-aeb3-f8d743ecd23d","Update","1200","75fb2bb3-1ee5-4bc2-bb93-57e9f6ea9665","AWS IAM Identity Center (successor to AWS Single Sign-On)","","Azure AD Provisioning Service","system","success","","","","","","92c44d9f-7670-4c66-9396-e6251b7bff79","Microsoft Entra ID","fa9938bb-059a-4c43-b7c0-77c05949d26e","AWSSingleSignon","bc2cc9cb-bdde-4b67-b421-fa1dea57dc6d","GRP-AWS-Engineering","Group","612bc500-c071-7016-3bc1-efc0d4f31ac7","","urn:ietf:params:scim:schemas:core:2.0:Group"
"2026-05-24T23:02:59Z","791eadd1-7519-44e0-8445-751a43c7bfff","aWSSingleSignon.791eadd1751944e08445751a43c7bfff.021b577c-0ec7-4a9b-aeaa-15d4198bd9c6","9c78b69e-a2c3-4408-b691-0816e9d46e00","e65e1600-8e16-424d-a9d5-a10101456a72","Update","1205","75fb2bb3-1ee5-4bc2-bb93-57e9f6ea9665","AWS IAM Identity Center (successor to AWS Single Sign-On)","","Azure AD Provisioning Service","system","success","","","","","","590172bb-32c1-497a-86b1-dc3591c07952","Microsoft Entra ID","98d94132-413b-41a7-8af2-836d1870e9f0","AWSSingleSignon","1abe4a2e-d32b-4432-bab8-4d039714f1a5","GRP-AWS-DevOps","Group","a1db5580-d0e1-70a1-f20f-dbf1ddf4dcd7","","urn:ietf:params:scim:schemas:core:2.0:Group"
"2026-05-24T23:02:58Z","791eadd1-7519-44e0-8445-751a43c7bfff","aWSSingleSignon.791eadd1751944e08445751a43c7bfff.021b577c-0ec7-4a9b-aeaa-15d4198bd9c6","9c78b69e-a2c3-4408-b691-0816e9d46e00","3d617bae-6fee-46b1-a6ff-274d01696828","Update","969","75fb2bb3-1ee5-4bc2-bb93-57e9f6ea9665","AWS IAM Identity Center (successor to AWS Single Sign-On)","","Azure AD Provisioning Service","system","success","","","","","","ea918483-97a0-437a-9a19-accde9f38c70","Microsoft Entra ID","f3755b8d-b31e-4806-9791-9d45211f2997","AWSSingleSignon","bc2cc9cb-bdde-4b67-b421-fa1dea57dc6d","GRP-AWS-Engineering","Group","612bc500-c071-7016-3bc1-efc0d4f31ac7","","urn:ietf:params:scim:schemas:core:2.0:Group"
"2026-05-24T23:02:58Z","791eadd1-7519-44e0-8445-751a43c7bfff","aWSSingleSignon.791eadd1751944e08445751a43c7bfff.021b577c-0ec7-4a9b-aeaa-15d4198bd9c6","9c78b69e-a2c3-4408-b691-0816e9d46e00","ed05a9bb-d1e0-488e-be1d-b83a7f857f68","Update","875","75fb2bb3-1ee5-4bc2-bb93-57e9f6ea9665","AWS IAM Identity Center (successor to AWS Single Sign-On)","","Azure AD Provisioning Service","system","success","","","","","","99167d85-b099-4341-a7c8-f3fed3eae90c","Microsoft Entra ID","314507f9-9d61-4935-acca-44f47b5ebc21","AWSSingleSignon","1abe4a2e-d32b-4432-bab8-4d039714f1a5","GRP-AWS-DevOps","Group","a1db5580-d0e1-70a1-f20f-dbf1ddf4dcd7","","urn:ietf:params:scim:schemas:core:2.0:Group"
"2026-05-24T23:02:57Z","791eadd1-7519-44e0-8445-751a43c7bfff","aWSSingleSignon.791eadd1751944e08445751a43c7bfff.021b577c-0ec7-4a9b-aeaa-15d4198bd9c6","9c78b69e-a2c3-4408-b691-0816e9d46e00","6e89a2f4-2ec4-4e1f-bf06-6228590e1778","Create","73","75fb2bb3-1ee5-4bc2-bb93-57e9f6ea9665","AWS IAM Identity Center (successor to AWS Single Sign-On)","","Azure AD Provisioning Service","system","skipped","","","","","","2920cd79-2981-4126-a60b-bfb81908d1fe","Microsoft Entra ID","ff0f3b3a-4358-4758-b65a-86e8dd1880f6","AWSSingleSignon","a0b481b8-dd6d-4ccd-a5db-68119217296a","ara molino","User","","","urn:ietf:params:scim:schemas:extension:enterprise:2.0:User"
"2026-05-24T22:22:42Z","791eadd1-7519-44e0-8445-751a43c7bfff","aWSSingleSignon.791eadd1751944e08445751a43c7bfff.021b577c-0ec7-4a9b-aeaa-15d4198bd9c6","8fc35469-2028-4e0a-bd8d-082862b85e23","eabbbcd6-6faa-44fd-9663-59a40830bd69","Update","664","75fb2bb3-1ee5-4bc2-bb93-57e9f6ea9665","AWS IAM Identity Center (successor to AWS Single Sign-On)","","Azure AD Provisioning Service","system","success","","","","","","f2840383-e7f6-4fa8-be23-94976c6b4f67","Microsoft Entra ID","7576ebae-b457-45d7-9346-98de0444df19","AWSSingleSignon","bc2cc9cb-bdde-4b67-b421-fa1dea57dc6d","GRP-AWS-Engineering","Group","612bc500-c071-7016-3bc1-efc0d4f31ac7","","urn:ietf:params:scim:schemas:core:2.0:Group"
"2026-05-24T22:22:42Z","791eadd1-7519-44e0-8445-751a43c7bfff","aWSSingleSignon.791eadd1751944e08445751a43c7bfff.021b577c-0ec7-4a9b-aeaa-15d4198bd9c6","8fc35469-2028-4e0a-bd8d-082862b85e23","30f28242-70c9-4a7d-a90e-d10fca5a84a6","Create","84","75fb2bb3-1ee5-4bc2-bb93-57e9f6ea9665","AWS IAM Identity Center (successor to AWS Single Sign-On)","","Azure AD Provisioning Service","system","skipped","","","","","","fb164776-5ca4-4d4e-b7b9-8e7e732ff353","Microsoft Entra ID","b7a6c634-eea5-4da8-a030-93018ad081e9","AWSSingleSignon","a0b481b8-dd6d-4ccd-a5db-68119217296a","ara molino","User","","","urn:ietf:params:scim:schemas:extension:enterprise:2.0:User"
"2026-05-24T22:18:30Z","791eadd1-7519-44e0-8445-751a43c7bfff","aWSSingleSignon.791eadd1751944e08445751a43c7bfff.021b577c-0ec7-4a9b-aeaa-15d4198bd9c6","166daa2a-c658-47a5-9069-638dd34e6551","993304ab-7c74-4adf-9e8a-44662c618b72","Update","719","75fb2bb3-1ee5-4bc2-bb93-57e9f6ea9665","AWS IAM Identity Center (successor to AWS Single Sign-On)","","Azure AD Provisioning Service","system","success","","","","","","094474b5-7c62-487a-ab04-cae6d1a8fd09","Microsoft Entra ID","13b64ab7-c1f5-4204-bcb3-093c0a0509f5","AWSSingleSignon","bc2cc9cb-bdde-4b67-b421-fa1dea57dc6d","GRP-AWS-Engineering","Group","612bc500-c071-7016-3bc1-efc0d4f31ac7","","urn:ietf:params:scim:schemas:core:2.0:Group"
"2026-05-24T22:18:29Z","791eadd1-7519-44e0-8445-751a43c7bfff","aWSSingleSignon.791eadd1751944e08445751a43c7bfff.021b577c-0ec7-4a9b-aeaa-15d4198bd9c6","166daa2a-c658-47a5-9069-638dd34e6551","87ec8460-a949-4943-974e-d75f327ff7bc","Create","700","75fb2bb3-1ee5-4bc2-bb93-57e9f6ea9665","AWS IAM Identity Center (successor to AWS Single Sign-On)","","Azure AD Provisioning Service","system","success","","","","","","666749d8-69da-4373-bcbe-a5c38843e7d0","Microsoft Entra ID","c5b20bd9-ae8c-4251-9bc4-d41f7e5a4a74","AWSSingleSignon","c897ae1b-09b0-4a6e-a57f-3d465cd68b96","aide bonavita","User","a1cbc5c0-d061-70a9-74e3-c76b1d484e89","","urn:ietf:params:scim:schemas:extension:enterprise:2.0:User"
"2026-05-24T21:19:01Z","791eadd1-7519-44e0-8445-751a43c7bfff","aWSSingleSignon.791eadd1751944e08445751a43c7bfff.021b577c-0ec7-4a9b-aeaa-15d4198bd9c6","9bb8ccbf-bb25-4801-abe9-0ecc36328e02","8af641ed-e593-42d6-acc1-f9690628ec4a","Update","453","75fb2bb3-1ee5-4bc2-bb93-57e9f6ea9665","AWS IAM Identity Center (successor to AWS Single Sign-On)","","Azure AD Provisioning Service","system","skipped","","","","","","aa4b50a5-3954-4f27-9096-939af15417c2","Microsoft Entra ID","92e38f26-053d-4072-b103-45017284edb3","AWSSingleSignon","a0b481b8-dd6d-4ccd-a5db-68119217296a","ara molino","User","","","urn:ietf:params:scim:schemas:extension:enterprise:2.0:User"
"2026-05-24T21:18:59Z","791eadd1-7519-44e0-8445-751a43c7bfff","aWSSingleSignon.791eadd1751944e08445751a43c7bfff.021b577c-0ec7-4a9b-aeaa-15d4198bd9c6","9bb8ccbf-bb25-4801-abe9-0ecc36328e02","aa194c87-ba5f-4512-aa67-c6034bda0d37","Update","3541","75fb2bb3-1ee5-4bc2-bb93-57e9f6ea9665","AWS IAM Identity Center (successor to AWS Single Sign-On)","","Azure AD Provisioning Service","system","success","","","","","","13de9708-233f-473d-bc82-c5729a8f758b","Microsoft Entra ID","69014184-d852-45e5-a1f8-a814fd9a98ab","AWSSingleSignon","bc2cc9cb-bdde-4b67-b421-fa1dea57dc6d","GRP-AWS-Engineering","Group","612bc500-c071-7016-3bc1-efc0d4f31ac7","","urn:ietf:params:scim:schemas:core:2.0:Group"
"2026-05-24T21:18:59Z","791eadd1-7519-44e0-8445-751a43c7bfff","aWSSingleSignon.791eadd1751944e08445751a43c7bfff.021b577c-0ec7-4a9b-aeaa-15d4198bd9c6","9bb8ccbf-bb25-4801-abe9-0ecc36328e02","e58fec47-ed0f-4725-b097-27cf8dc32dc3","Update","3533","75fb2bb3-1ee5-4bc2-bb93-57e9f6ea9665","AWS IAM Identity Center (successor to AWS Single Sign-On)","","Azure AD Provisioning Service","system","success","","","","","","cc8d0154-6917-483c-8b31-476fc75750ad","Microsoft Entra ID","9ab117e0-b8d6-40fa-9421-820961669b7a","AWSSingleSignon","bc2cc9cb-bdde-4b67-b421-fa1dea57dc6d","GRP-AWS-Engineering","Group","612bc500-c071-7016-3bc1-efc0d4f31ac7","","urn:ietf:params:scim:schemas:core:2.0:Group"
"2026-05-24T21:18:59Z","791eadd1-7519-44e0-8445-751a43c7bfff","aWSSingleSignon.791eadd1751944e08445751a43c7bfff.021b577c-0ec7-4a9b-aeaa-15d4198bd9c6","9bb8ccbf-bb25-4801-abe9-0ecc36328e02","a2c36028-cb9f-436c-b3d2-5bded7d94f72","Update","3525","75fb2bb3-1ee5-4bc2-bb93-57e9f6ea9665","AWS IAM Identity Center (successor to AWS Single Sign-On)","","Azure AD Provisioning Service","system","success","","","","","","4a4467bb-742a-4ca3-a1d2-db91ca25719d","Microsoft Entra ID","6aaf26b0-93a4-4f81-8a9b-89c3208f3e9e","AWSSingleSignon","bc2cc9cb-bdde-4b67-b421-fa1dea57dc6d","GRP-AWS-Engineering","Group","612bc500-c071-7016-3bc1-efc0d4f31ac7","","urn:ietf:params:scim:schemas:core:2.0:Group"
"2026-05-24T21:18:59Z","791eadd1-7519-44e0-8445-751a43c7bfff","aWSSingleSignon.791eadd1751944e08445751a43c7bfff.021b577c-0ec7-4a9b-aeaa-15d4198bd9c6","9bb8ccbf-bb25-4801-abe9-0ecc36328e02","7df6b4bd-df5a-4c01-96a9-62de92c0df98","Update","3509","75fb2bb3-1ee5-4bc2-bb93-57e9f6ea9665","AWS IAM Identity Center (successor to AWS Single Sign-On)","","Azure AD Provisioning Service","system","success","","","","","","3d792552-e3fb-409e-9fb5-7d7a477b5f6a","Microsoft Entra ID","75aafb8c-b872-4127-9fca-f99b81306fec","AWSSingleSignon","1abe4a2e-d32b-4432-bab8-4d039714f1a5","GRP-AWS-DevOps","Group","a1db5580-d0e1-70a1-f20f-dbf1ddf4dcd7","","urn:ietf:params:scim:schemas:core:2.0:Group"
"2026-05-24T21:18:59Z","791eadd1-7519-44e0-8445-751a43c7bfff","aWSSingleSignon.791eadd1751944e08445751a43c7bfff.021b577c-0ec7-4a9b-aeaa-15d4198bd9c6","9bb8ccbf-bb25-4801-abe9-0ecc36328e02","782270b8-5c6c-4207-af3d-941f2588f1b1","Update","3501","75fb2bb3-1ee5-4bc2-bb93-57e9f6ea9665","AWS IAM Identity Center (successor to AWS Single Sign-On)","","Azure AD Provisioning Service","system","success","","","","","","ba33a387-6c64-429e-a251-dd65c0c6fd9b","Microsoft Entra ID","f3425846-22e7-4e9e-a25b-948595d8dcaa","AWSSingleSignon","1abe4a2e-d32b-4432-bab8-4d039714f1a5","GRP-AWS-DevOps","Group","a1db5580-d0e1-70a1-f20f-dbf1ddf4dcd7","","urn:ietf:params:scim:schemas:core:2.0:Group"
"2026-05-24T21:18:59Z","791eadd1-7519-44e0-8445-751a43c7bfff","aWSSingleSignon.791eadd1751944e08445751a43c7bfff.021b577c-0ec7-4a9b-aeaa-15d4198bd9c6","9bb8ccbf-bb25-4801-abe9-0ecc36328e02","26c24d8d-e61c-4ecf-b91a-efbb1137d2c6","Update","3493","75fb2bb3-1ee5-4bc2-bb93-57e9f6ea9665","AWS IAM Identity Center (successor to AWS Single Sign-On)","","Azure AD Provisioning Service","system","success","","","","","","30d2075c-f3bc-4ab2-8fbb-3b7d3f2089c2","Microsoft Entra ID","8f431b49-5693-46d0-9ce2-c0900bcbfd0f","AWSSingleSignon","1abe4a2e-d32b-4432-bab8-4d039714f1a5","GRP-AWS-DevOps","Group","a1db5580-d0e1-70a1-f20f-dbf1ddf4dcd7","","urn:ietf:params:scim:schemas:core:2.0:Group"
"2026-05-24T21:18:59Z","791eadd1-7519-44e0-8445-751a43c7bfff","aWSSingleSignon.791eadd1751944e08445751a43c7bfff.021b577c-0ec7-4a9b-aeaa-15d4198bd9c6","9bb8ccbf-bb25-4801-abe9-0ecc36328e02","9965c613-8610-42bd-90a6-6edacf37cb5c","Update","3484","75fb2bb3-1ee5-4bc2-bb93-57e9f6ea9665","AWS IAM Identity Center (successor to AWS Single Sign-On)","","Azure AD Provisioning Service","system","success","","","","","","c3f5098f-f29a-40c4-be7a-605bf147ebfa","Microsoft Entra ID","25985c7c-ee14-4279-a515-b6b1606fb5f8","AWSSingleSignon","1abe4a2e-d32b-4432-bab8-4d039714f1a5","GRP-AWS-DevOps","Group","a1db5580-d0e1-70a1-f20f-dbf1ddf4dcd7","","urn:ietf:params:scim:schemas:core:2.0:Group"
"2026-05-24T21:18:59Z","791eadd1-7519-44e0-8445-751a43c7bfff","aWSSingleSignon.791eadd1751944e08445751a43c7bfff.021b577c-0ec7-4a9b-aeaa-15d4198bd9c6","9bb8ccbf-bb25-4801-abe9-0ecc36328e02","307022ee-7a25-4d07-9e2d-30f7e695193f","Update","3475","75fb2bb3-1ee5-4bc2-bb93-57e9f6ea9665","AWS IAM Identity Center (successor to AWS Single Sign-On)","","Azure AD Provisioning Service","system","success","","","","","","7d4bc4ca-a29f-4f8d-b1c3-27ea4fc0d58e","Microsoft Entra ID","ba475b7f-65d5-4e5e-a468-5d1a84d83757","AWSSingleSignon","8d1adbed-a347-4045-a261-5d14fe2b58d7","GRP-AWS-Security","Group","91dbc570-5081-70e9-cdbd-668ac7a89261","","urn:ietf:params:scim:schemas:core:2.0:Group"
"2026-05-24T21:18:59Z","791eadd1-7519-44e0-8445-751a43c7bfff","aWSSingleSignon.791eadd1751944e08445751a43c7bfff.021b577c-0ec7-4a9b-aeaa-15d4198bd9c6","9bb8ccbf-bb25-4801-abe9-0ecc36328e02","14111a1e-b4c1-444e-9e09-aa5820b0f9fd","Update","3467","75fb2bb3-1ee5-4bc2-bb93-57e9f6ea9665","AWS IAM Identity Center (successor to AWS Single Sign-On)","","Azure AD Provisioning Service","system","success","","","","","","d2ea52e0-6c7c-4de2-aa8f-dbd8c7c6adba","Microsoft Entra ID","1bc69d6b-9bd4-40e0-a980-963dbe17240e","AWSSingleSignon","8d1adbed-a347-4045-a261-5d14fe2b58d7","GRP-AWS-Security","Group","91dbc570-5081-70e9-cdbd-668ac7a89261","","urn:ietf:params:scim:schemas:core:2.0:Group"
"2026-05-24T21:18:59Z","791eadd1-7519-44e0-8445-751a43c7bfff","aWSSingleSignon.791eadd1751944e08445751a43c7bfff.021b577c-0ec7-4a9b-aeaa-15d4198bd9c6","9bb8ccbf-bb25-4801-abe9-0ecc36328e02","7c3d4439-2544-4f8c-8bbd-80ae4c0092e2","Update","3458","75fb2bb3-1ee5-4bc2-bb93-57e9f6ea9665","AWS IAM Identity Center (successor to AWS Single Sign-On)","","Azure AD Provisioning Service","system","success","","","","","","fd1a72cd-4507-44dd-8ffc-c1bafcdb48e9","Microsoft Entra ID","03d36135-f4ae-45e0-8836-0c6c8cc15020","AWSSingleSignon","8d1adbed-a347-4045-a261-5d14fe2b58d7","GRP-AWS-Security","Group","91dbc570-5081-70e9-cdbd-668ac7a89261","","urn:ietf:params:scim:schemas:core:2.0:Group"
"2026-05-24T21:18:59Z","791eadd1-7519-44e0-8445-751a43c7bfff","aWSSingleSignon.791eadd1751944e08445751a43c7bfff.021b577c-0ec7-4a9b-aeaa-15d4198bd9c6","9bb8ccbf-bb25-4801-abe9-0ecc36328e02","b8c1f1f3-925b-48ac-8bde-2161a03961dd","Update","3446","75fb2bb3-1ee5-4bc2-bb93-57e9f6ea9665","AWS IAM Identity Center (successor to AWS Single Sign-On)","","Azure AD Provisioning Service","system","success","","","","","","37bba391-ebf8-4b04-b9c9-49b6b7f09091","Microsoft Entra ID","3a0836f7-1ad2-4dc9-a812-97d2ffb7de9c","AWSSingleSignon","8d1adbed-a347-4045-a261-5d14fe2b58d7","GRP-AWS-Security","Group","91dbc570-5081-70e9-cdbd-668ac7a89261","","urn:ietf:params:scim:schemas:core:2.0:Group"
"2026-05-24T21:18:59Z","791eadd1-7519-44e0-8445-751a43c7bfff","aWSSingleSignon.791eadd1751944e08445751a43c7bfff.021b577c-0ec7-4a9b-aeaa-15d4198bd9c6","9bb8ccbf-bb25-4801-abe9-0ecc36328e02","5ba9d637-2855-45cb-9d6a-1439a768d0e3","Update","3435","75fb2bb3-1ee5-4bc2-bb93-57e9f6ea9665","AWS IAM Identity Center (successor to AWS Single Sign-On)","","Azure AD Provisioning Service","system","success","","","","","","15d601f5-30cd-46f2-8da7-25b9ee3eeb9c","Microsoft Entra ID","1b27bf63-fa35-4fdf-ba53-0e52300c8335","AWSSingleSignon","8d1adbed-a347-4045-a261-5d14fe2b58d7","GRP-AWS-Security","Group","91dbc570-5081-70e9-cdbd-668ac7a89261","","urn:ietf:params:scim:schemas:core:2.0:Group"
"2026-05-24T21:18:55Z","791eadd1-7519-44e0-8445-751a43c7bfff","aWSSingleSignon.791eadd1751944e08445751a43c7bfff.021b577c-0ec7-4a9b-aeaa-15d4198bd9c6","9bb8ccbf-bb25-4801-abe9-0ecc36328e02","d96e7d95-2878-4d3f-9beb-2189e7f74f0c","Create","1190","75fb2bb3-1ee5-4bc2-bb93-57e9f6ea9665","AWS IAM Identity Center (successor to AWS Single Sign-On)","","Azure AD Provisioning Service","system","success","","","","","","0eb35ab6-d476-4d08-8af1-7ac3975cec74","Microsoft Entra ID","1e2231ea-38a6-45ab-8032-869edcf31466","AWSSingleSignon","bc2cc9cb-bdde-4b67-b421-fa1dea57dc6d","GRP-AWS-Engineering","Group","612bc500-c071-7016-3bc1-efc0d4f31ac7","","urn:ietf:params:scim:schemas:core:2.0:Group"
"2026-05-24T21:18:55Z","791eadd1-7519-44e0-8445-751a43c7bfff","aWSSingleSignon.791eadd1751944e08445751a43c7bfff.021b577c-0ec7-4a9b-aeaa-15d4198bd9c6","9bb8ccbf-bb25-4801-abe9-0ecc36328e02","03bd6d04-dce9-474e-9f7a-7901d412dfcc","Create","1178","75fb2bb3-1ee5-4bc2-bb93-57e9f6ea9665","AWS IAM Identity Center (successor to AWS Single Sign-On)","","Azure AD Provisioning Service","system","success","","","","","","508b5cdd-bfb1-4282-b7a4-e1aec9d6ef50","Microsoft Entra ID","14cb468a-fd4b-4b60-9452-1119a99fe09b","AWSSingleSignon","1abe4a2e-d32b-4432-bab8-4d039714f1a5","GRP-AWS-DevOps","Group","a1db5580-d0e1-70a1-f20f-dbf1ddf4dcd7","","urn:ietf:params:scim:schemas:core:2.0:Group"
"2026-05-24T21:18:55Z","791eadd1-7519-44e0-8445-751a43c7bfff","aWSSingleSignon.791eadd1751944e08445751a43c7bfff.021b577c-0ec7-4a9b-aeaa-15d4198bd9c6","9bb8ccbf-bb25-4801-abe9-0ecc36328e02","aac17ef5-e836-465a-9696-6d54a965da0a","Create","1169","75fb2bb3-1ee5-4bc2-bb93-57e9f6ea9665","AWS IAM Identity Center (successor to AWS Single Sign-On)","","Azure AD Provisioning Service","system","success","","","","","","76341d7f-b7fb-4b3d-863e-742a96df2406","Microsoft Entra ID","ad70707d-9caa-4e68-8923-e1ac56bb6984","AWSSingleSignon","8d1adbed-a347-4045-a261-5d14fe2b58d7","GRP-AWS-Security","Group","91dbc570-5081-70e9-cdbd-668ac7a89261","","urn:ietf:params:scim:schemas:core:2.0:Group"
"2026-05-24T21:18:52Z","791eadd1-7519-44e0-8445-751a43c7bfff","aWSSingleSignon.791eadd1751944e08445751a43c7bfff.021b577c-0ec7-4a9b-aeaa-15d4198bd9c6","9bb8ccbf-bb25-4801-abe9-0ecc36328e02","cd79be04-6e4f-4b20-af43-d790c3612c1a","Create","4723","75fb2bb3-1ee5-4bc2-bb93-57e9f6ea9665","AWS IAM Identity Center (successor to AWS Single Sign-On)","","Azure AD Provisioning Service","system","success","","","","","","6c1a1d4e-2d4f-4be5-9dab-1458b46cf2b2","Microsoft Entra ID","3b25d046-9475-4061-93fc-7b63dd71c2bb","AWSSingleSignon","382155a6-468e-4af4-a16c-525d5b3618cf","blanca maziarz","User","c17b1540-2001-7093-7d8e-7899695e2e74","","urn:ietf:params:scim:schemas:extension:enterprise:2.0:User"
"2026-05-24T21:18:52Z","791eadd1-7519-44e0-8445-751a43c7bfff","aWSSingleSignon.791eadd1751944e08445751a43c7bfff.021b577c-0ec7-4a9b-aeaa-15d4198bd9c6","9bb8ccbf-bb25-4801-abe9-0ecc36328e02","eb4f2ca4-6245-455e-abcf-9c798724aae5","Create","4713","75fb2bb3-1ee5-4bc2-bb93-57e9f6ea9665","AWS IAM Identity Center (successor to AWS Single Sign-On)","","Azure AD Provisioning Service","system","success","","","","","","bb413e6f-12a7-4192-a46b-621f72e33b43","Microsoft Entra ID","eaad280d-bb1b-48a1-936a-628821979077","AWSSingleSignon","c9d6398d-19fe-46b7-940b-fe1cec060981","george crone","User","a1dbf510-4031-70e5-8f41-e1bd58b516dc","","urn:ietf:params:scim:schemas:extension:enterprise:2.0:User"
"2026-05-24T21:18:52Z","791eadd1-7519-44e0-8445-751a43c7bfff","aWSSingleSignon.791eadd1751944e08445751a43c7bfff.021b577c-0ec7-4a9b-aeaa-15d4198bd9c6","9bb8ccbf-bb25-4801-abe9-0ecc36328e02","0920e802-8c03-4311-ad37-f4ca9aa17263","Create","4703","75fb2bb3-1ee5-4bc2-bb93-57e9f6ea9665","AWS IAM Identity Center (successor to AWS Single Sign-On)","","Azure AD Provisioning Service","system","success","","","","","","b3339423-3e84-4261-a8bc-afd925feeaec","Microsoft Entra ID","874803c2-e80f-4855-9e41-30e4c751a582","AWSSingleSignon","e0afdf77-20bd-460d-8513-0f23e7c0e377","britni mershon","User","919b7540-6001-7024-5aef-8ef2411a0b3d","","urn:ietf:params:scim:schemas:extension:enterprise:2.0:User"
"2026-05-24T21:18:52Z","791eadd1-7519-44e0-8445-751a43c7bfff","aWSSingleSignon.791eadd1751944e08445751a43c7bfff.021b577c-0ec7-4a9b-aeaa-15d4198bd9c6","9bb8ccbf-bb25-4801-abe9-0ecc36328e02","78422158-caa1-49e0-98b0-104205745a63","Create","4688","75fb2bb3-1ee5-4bc2-bb93-57e9f6ea9665","AWS IAM Identity Center (successor to AWS Single Sign-On)","","Azure AD Provisioning Service","system","success","","","","","","221a081f-3b71-47ec-8d8f-72c736b7435b","Microsoft Entra ID","f9c41962-32cc-4664-b33e-49d3547018ac","AWSSingleSignon","5b2aaa40-8b6f-4dbd-978c-e72b7f68d369","araceli paschall","User","51bb7540-a001-7083-f77a-92ccb2845721","","urn:ietf:params:scim:schemas:extension:enterprise:2.0:User"
"2026-05-24T21:18:52Z","791eadd1-7519-44e0-8445-751a43c7bfff","aWSSingleSignon.791eadd1751944e08445751a43c7bfff.021b577c-0ec7-4a9b-aeaa-15d4198bd9c6","9bb8ccbf-bb25-4801-abe9-0ecc36328e02","3752f272-d763-4ebe-ad45-d1f1f45f5bb5","Create","4666","75fb2bb3-1ee5-4bc2-bb93-57e9f6ea9665","AWS IAM Identity Center (successor to AWS Single Sign-On)","","Azure AD Provisioning Service","system","success","","","","","","76b2d743-125c-46c0-b248-5144b161127f","Microsoft Entra ID","4aa5265b-0326-48be-bcf0-a02df9737075","AWSSingleSignon","9fe1796f-b466-434b-8157-b9e47c655092","bridget mcgrew","User","c1fb3590-d0e1-7077-9b7c-e1c20fd14379","","urn:ietf:params:scim:schemas:extension:enterprise:2.0:User"
"2026-05-24T21:18:52Z","791eadd1-7519-44e0-8445-751a43c7bfff","aWSSingleSignon.791eadd1751944e08445751a43c7bfff.021b577c-0ec7-4a9b-aeaa-15d4198bd9c6","9bb8ccbf-bb25-4801-abe9-0ecc36328e02","90c6e542-a4b7-4702-b4c8-754218924d40","Create","4656","75fb2bb3-1ee5-4bc2-bb93-57e9f6ea9665","AWS IAM Identity Center (successor to AWS Single Sign-On)","","Azure AD Provisioning Service","system","success","","","","","","8d417b2e-7057-4790-905b-c93dc471270a","Microsoft Entra ID","d8e5ebc4-6431-487e-859f-6648e71cd313","AWSSingleSignon","6d33b489-dd5c-419e-9119-95427a8ffeec","dion resendes","User","d15b1520-e021-70a1-3cc1-6e4b0d61bc31","","urn:ietf:params:scim:schemas:extension:enterprise:2.0:User"
"2026-05-24T21:18:52Z","791eadd1-7519-44e0-8445-751a43c7bfff","aWSSingleSignon.791eadd1751944e08445751a43c7bfff.021b577c-0ec7-4a9b-aeaa-15d4198bd9c6","9bb8ccbf-bb25-4801-abe9-0ecc36328e02","c83ee7c8-7aee-49fd-a226-7803d8004d31","Create","4645","75fb2bb3-1ee5-4bc2-bb93-57e9f6ea9665","AWS IAM Identity Center (successor to AWS Single Sign-On)","","Azure AD Provisioning Service","system","success","","","","","","35138d1b-c69e-41c1-a442-e19701e80713","Microsoft Entra ID","d9d57d32-aa22-4b26-8907-779a027c5e7c","AWSSingleSignon","d86c04f0-ff00-49f5-b955-3be9d9ab7a9b","christia calvery","User","61eb15e0-d071-705a-4444-88c83db84065","","urn:ietf:params:scim:schemas:extension:enterprise:2.0:User"
"2026-05-24T21:18:52Z","791eadd1-7519-44e0-8445-751a43c7bfff","aWSSingleSignon.791eadd1751944e08445751a43c7bfff.021b577c-0ec7-4a9b-aeaa-15d4198bd9c6","9bb8ccbf-bb25-4801-abe9-0ecc36328e02","15d62d8a-3922-4bc9-8332-4d6337bc954d","Create","4630","75fb2bb3-1ee5-4bc2-bb93-57e9f6ea9665","AWS IAM Identity Center (successor to AWS Single Sign-On)","","Azure AD Provisioning Service","system","success","","","","","","41f78b96-e6ea-4bc3-9651-cbe5671fafc7","Microsoft Entra ID","7e089921-6a6f-4dd2-a72e-43b0a9eca35b","AWSSingleSignon","5c387a36-498d-4773-9dcb-5150c7da5de5","azucena fleitas","User","c15ba5a0-3071-7005-433e-8b0e6d84291e","","urn:ietf:params:scim:schemas:extension:enterprise:2.0:User"
"2026-05-24T21:18:52Z","791eadd1-7519-44e0-8445-751a43c7bfff","aWSSingleSignon.791eadd1751944e08445751a43c7bfff.021b577c-0ec7-4a9b-aeaa-15d4198bd9c6","9bb8ccbf-bb25-4801-abe9-0ecc36328e02","0785c223-c0cc-4dbb-962d-eabe80bcb125","Create","4620","75fb2bb3-1ee5-4bc2-bb93-57e9f6ea9665","AWS IAM Identity Center (successor to AWS Single Sign-On)","","Azure AD Provisioning Service","system","success","","","","","","410563bc-9b3f-445b-ba33-74384d396b50","Microsoft Entra ID","1f0f7618-de26-4a8c-9244-261232d602b6","AWSSingleSignon","af001e61-2472-45c9-9f96-701f1257f147","angeles galiano","User","117b0570-00f1-7057-7b3d-11d1e9894acf","","urn:ietf:params:scim:schemas:extension:enterprise:2.0:User"
"2026-05-24T21:18:52Z","791eadd1-7519-44e0-8445-751a43c7bfff","aWSSingleSignon.791eadd1751944e08445751a43c7bfff.021b577c-0ec7-4a9b-aeaa-15d4198bd9c6","9bb8ccbf-bb25-4801-abe9-0ecc36328e02","76934169-1f8f-4d2d-9e20-b6dd4d1f758e","Create","4608","75fb2bb3-1ee5-4bc2-bb93-57e9f6ea9665","AWS IAM Identity Center (successor to AWS Single Sign-On)","","Azure AD Provisioning Service","system","success","","","","","","dfa0d579-5893-408a-907d-3cd7aa4b5c25","Microsoft Entra ID","664fd901-7b64-4357-ba7a-10f2563c1135","AWSSingleSignon","5ae12848-0344-4580-863c-a9952a7ac2c1","elane matarazzo","User","912bf530-30e1-70c6-057d-aeb1647fa2ab","","urn:ietf:params:scim:schemas:extension:enterprise:2.0:User"
"2026-05-24T21:18:52Z","791eadd1-7519-44e0-8445-751a43c7bfff","aWSSingleSignon.791eadd1751944e08445751a43c7bfff.021b577c-0ec7-4a9b-aeaa-15d4198bd9c6","9bb8ccbf-bb25-4801-abe9-0ecc36328e02","e24c361d-4ca9-4a1d-a0df-0f3b579a5b18","Create","4594","75fb2bb3-1ee5-4bc2-bb93-57e9f6ea9665","AWS IAM Identity Center (successor to AWS Single Sign-On)","","Azure AD Provisioning Service","system","success","","","","","","17d24288-031a-43c2-931c-72549b3c53fc","Microsoft Entra ID","5b6c28d8-99ee-4370-b362-d94377f6811a","AWSSingleSignon","71ddb5b4-e99f-4988-8915-a4e0e8e9184c","charita lovato","User","115b0530-10c1-7047-6fd5-6fcb8cef34c2","","urn:ietf:params:scim:schemas:extension:enterprise:2.0:User"
"2026-05-24T21:18:52Z","791eadd1-7519-44e0-8445-751a43c7bfff","aWSSingleSignon.791eadd1751944e08445751a43c7bfff.021b577c-0ec7-4a9b-aeaa-15d4198bd9c6","9bb8ccbf-bb25-4801-abe9-0ecc36328e02","61e84f6b-b8db-4a6d-b737-bac58b6e6532","Create","4580","75fb2bb3-1ee5-4bc2-bb93-57e9f6ea9665","AWS IAM Identity Center (successor to AWS Single Sign-On)","","Azure AD Provisioning Service","system","success","","","","","","86258fbb-dabf-41e0-aa7a-fe8b2fd4ceb8","Microsoft Entra ID","a129f813-9142-4cde-8ce3-fd1019d6a5da","AWSSingleSignon","31a89f50-6069-4356-acb2-5d8835c09d5b","earle clausing","User","f16b3580-e0e1-70ce-f3ac-83e85983e635","","urn:ietf:params:scim:schemas:extension:enterprise:2.0:User"
"2026-05-24T21:18:49Z","791eadd1-7519-44e0-8445-751a43c7bfff","aWSSingleSignon.791eadd1751944e08445751a43c7bfff.021b577c-0ec7-4a9b-aeaa-15d4198bd9c6","9bb8ccbf-bb25-4801-abe9-0ecc36328e02","af4293d3-dd2d-478c-9526-f30a22899663","Create","794","75fb2bb3-1ee5-4bc2-bb93-57e9f6ea9665","AWS IAM Identity Center (successor to AWS Single Sign-On)","","Azure AD Provisioning Service","system","skipped","","","","","","f05e8a39-56ea-4f37-9a88-e8b189b6ebb2","Microsoft Entra ID","b65a0108-dd5b-4e0d-acda-04e857c3707b","AWSSingleSignon","a0b481b8-dd6d-4ccd-a5db-68119217296a","ara molino","User","","","urn:ietf:params:scim:schemas:extension:enterprise:2.0:User"
